stock_id,location,sabor,estado,cantidad_latas,kg_referencia_lata,peso_inicial_bruto_kg,tara_inicial_kg,peso_inicial_neto_kg,peso_actual_bruto_kg,tara_actual_kg,peso_actual_neto_kg,created_at,updated_at,active
SAL-0001,SALON,CAPUCCINO_GRANIZADO,AGOTADA,1,,7.735,0.38,7.355,0.38,0.38,0.0,2026-08-11T22:39:19.672376-03:00,2026-08-12T01:34:47.446146-03:00,False
SAL-0002,SALON,ANANA,CERRADA,1,,7.82,0.38,7.44,7.82,0.38,7.44,2026-08-11T22:39:19.672376-03:00,2026-08-11T22:39:19.672376-03:00,True
SAL-0003,SALON,CHOCOLATE_MANI_CRUNCH,CERRADA,1,,7.85,0.38,7.47,7.85,0.38,7.47,2026-08-11T22:39:19.672376-03:00,2026-08-11T22:39:19.672376-03:00,True
SAL-0004,SALON,QUINOTO,CERRADA,1,,8.075,0.38,7.694999999999999,8.075,0.38,7.694999999999999,2026-08-11T22:39:19.672376-03:00,2026-08-11T22:39:19.672376-03:00,True
SAL-0005,SALON,CHOCOLATE_SUIZO,CERRADA,1,,8.0,0.38,7.62,8.0,0.38,7.62,2026-08-11T22:39:19.672376-03:00,2026-08-11T22:39:19.672376-03:00,True
SAL-0006,SALON,CHOCOLATE,CERRADA,1,,7.99,0.38,7.61,7.99,0.38,7.61,2026-08-11T22:39:19.672376-03:00,2026-08-11T22:39:19.672376-03:00,True
SAL-0007,SALON,CHOCOLATE_BLANCO,CERRADA,1,,8.005,0.38,7.625000000000001,8.005,0.38,7.625000000000001,2026-08-11T22:39:19.672376-03:00,2026-08-11T22:39:19.672376-03:00,True
SAL-0008,SALON,CHOCOLATE_CON_ALMENDRAS,CERRADA,1,,8.015,0.38,7.635000000000001,8.015,0.38,7.635000000000001,2026-08-11T22:39:19.672376-03:00,2026-08-11T22:39:19.672376-03:00,True
SAL-0009,SALON,GRIDO_MARROC,CERRADA,1,,7.97,0.38,7.59,7.97,0.38,7.59,2026-08-11T22:39:19.672376-03:00,2026-08-11T22:39:19.672376-03:00,True
SAL-0010,SALON,CREMA_RUSA,CERRADA,1,,7.9,0.38,7.52,7.9,0.38,7.52,2026-08-11T22:39:19.672376-03:00,2026-08-11T22:39:19.672376-03:00,True
SAL-0011,SALON,TIRAMISU,CERRADA,1,,7.915,0.38,7.535,7.915,0.38,7.535,2026-08-11T22:39:19.672376-03:00,2026-08-11T22:39:19.672376-03:00,True
SAL-0012,SALON,SUPER_GRIDITO,CERRADA,1,,8.215,0.38,7.835,8.215,0.38,7.835,2026-08-11T22:39:19.672376-03:00,2026-08-11T22:39:19.672376-03:00,True
SAL-0013,SALON,MENTA_GRANIZADO,CERRADA,1,,8.06,0.38,7.680000000000001,8.06,0.38,7.680000000000001,2026-08-11T22:39:19.672376-03:00,2026-08-11T22:39:19.672376-03:00,True
SAL-0014,SALON,CEREZA,CERRADA,1,,7.775,0.38,7.395,7.775,0.38,7.395,2026-08-11T22:39:19.672376-03:00,2026-08-11T22:39:19.672376-03:00,True
SAL-0015,SALON,CHOCOLATE_BLANCO_OREO,CERRADA,1,,7.965,0.38,7.585,7.965,0.38,7.585,2026-08-11T22:39:19.672376-03:00,2026-08-11T22:39:19.672376-03:00,True
SAL-0016,SALON,DULCE_DE_LECHE,CERRADA,1,,7.885,0.38,7.505,7.885,0.38,7.505,2026-08-11T22:39:19.672376-03:00,2026-08-11T22:39:19.672376-03:00,True
SAL-0017,SALON,DULCE_DE_LECHE_GRANIZADO,CERRADA,1,,7.715,0.38,7.335,7.715,0.38,7.335,2026-08-11T22:39:19.672376-03:00,2026-08-11T22:39:19.672376-03:00,True
SAL-0018,SALON,DULCE_DE_LECHE_CON_NUEZ,CERRADA,1,,7.885,0.38,7.505,7.885,0.38,7.505,2026-08-11T22:39:19.672376-03:00,2026-08-11T22:39:19.672376-03:00,True
SAL-0019,SALON,SUPER_DULCE_DE_LECHE,CERRADA,1,,8.02,0.38,7.64,8.02,0.38,7.64,2026-08-11T22:39:19.672376-03:00,2026-08-11T22:39:19.672376-03:00,True
SAL-0020,SALON,MASCARPONE,CERRADA,1,,7.8,0.38,7.42,7.8,0.38,7.42,2026-08-11T22:39:19.672376-03:00,2026-08-11T22:39:19.672376-03:00,True
SAL-0021,SALON,DULCE_DE_LECHE_BROWNIE,CERRADA,1,,8.085,0.38,7.705000000000001,8.085,0.38,7.705000000000001,2026-08-11T22:39:19.672376-03:00,2026-08-11T22:39:19.672376-03:00,True
SAL-0022,SALON,CREMA_COOKIE,CERRADA,1,,7.915,0.38,7.535,7.915,0.38,7.535,2026-08-11T22:39:19.672376-03:00,2026-08-11T22:39:19.672376-03:00,True
SAL-0023,SALON,AMERICANA,CERRADA,1,,8.065,0.38,7.685,8.065,0.38,7.685,2026-08-11T22:39:19.672376-03:00,2026-08-11T22:39:19.672376-03:00,True
SAL-0024,SALON,TRAMONTANA,CERRADA,1,,8.105,0.38,7.725,8.105,0.38,7.725,2026-08-11T22:39:19.672376-03:00,2026-08-11T22:39:19.672376-03:00,True
SAL-0025,SALON,GRANIZADO,CERRADA,1,,8.175,0.38,7.795000000000001,8.175,0.38,7.795000000000001,2026-08-11T22:39:19.672376-03:00,2026-08-11T22:39:19.672376-03:00,True
SAL-0026,SALON,BANANA,CERRADA,1,,8.095,0.38,7.715000000000001,8.095,0.38,7.715000000000001,2026-08-11T22:39:19.672376-03:00,2026-08-11T22:39:19.672376-03:00,True
SAL-0027,SALON,FRUTILLA_A_LA_CREMA,CERRADA,1,,8.095,0.38,7.715000000000001,8.095,0.38,7.715000000000001,2026-08-11T22:39:19.672376-03:00,2026-08-11T22:39:19.672376-03:00,True
SAL-0028,SALON,DURAZNO_A_LA_CREMA,CERRADA,1,,7.65,0.38,7.27,7.65,0.38,7.27,2026-08-11T22:39:19.672376-03:00,2026-08-11T22:39:19.672376-03:00,True
SAL-0029,SALON,a,ABIERTA,1,,6.47,0.38,6.09,6.47,0.38,6.09,2026-08-11T22:39:19.672376-03:00,2026-08-11T22:39:19.672376-03:00,True
SAL-0030,SALON,b,ABIERTA,1,,7.96,0.38,7.58,7.96,0.38,7.58,2026-08-11T22:39:19.672376-03:00,2026-08-11T22:39:19.672376-03:00,True
SAL-0031,SALON,c,ABIERTA,1,,6.495,0.38,6.115,6.495,0.38,6.115,2026-08-11T22:39:19.672376-03:00,2026-08-11T22:39:19.672376-03:00,True
SAL-0032,SALON,d,ABIERTA,1,,1.695,0.38,1.315,1.695,0.38,1.315,2026-08-11T22:39:19.672376-03:00,2026-08-11T22:39:19.672376-03:00,True
SAL-0033,SALON,e,ABIERTA,1,,8.58,0.38,8.2,8.58,0.38,8.2,2026-08-11T22:39:19.672376-03:00,2026-08-11T22:39:19.672376-03:00,True
SAL-0034,SALON,f,ABIERTA,1,,4.71,0.38,4.33,4.71,0.38,4.33,2026-08-11T22:39:19.672376-03:00,2026-08-11T22:39:19.672376-03:00,True
SAL-0035,SALON,g,ABIERTA,1,,2.67,0.38,2.29,2.67,0.38,2.29,2026-08-11T22:39:19.672376-03:00,2026-08-11T22:39:19.672376-03:00,True
SAL-0036,SALON,h,ABIERTA,1,,6.65,0.38,6.2700000000000005,6.65,0.38,6.2700000000000005,2026-08-11T22:39:19.672376-03:00,2026-08-11T22:39:19.672376-03:00,True
SAL-0037,SALON,i,ABIERTA,1,,6.07,0.38,5.69,6.07,0.38,5.69,2026-08-11T22:39:19.672376-03:00,2026-08-11T22:39:19.672376-03:00,True
SAL-0038,SALON,j,ABIERTA,1,,7.01,0.38,6.63,7.01,0.38,6.63,2026-08-11T22:39:19.672376-03:00,2026-08-11T22:39:19.672376-03:00,True
SAL-0039,SALON,k,ABIERTA,1,,2.775,0.38,2.395,2.775,0.38,2.395,2026-08-11T22:39:19.672376-03:00,2026-08-11T22:39:19.672376-03:00,True
SAL-0040,SALON,l,ABIERTA,1,,8.595,0.38,8.215,8.595,0.38,8.215,2026-08-11T22:39:19.672376-03:00,2026-08-11T22:39:19.672376-03:00,True
SAL-0041,SALON,m,ABIERTA,1,,7.03,0.38,6.65,7.03,0.38,6.65,2026-08-11T22:39:19.672376-03:00,2026-08-11T22:39:19.672376-03:00,True
SAL-0042,SALON,n,ABIERTA,1,,4.81,0.38,4.43,4.81,0.38,4.43,2026-08-11T22:39:19.672376-03:00,2026-08-11T22:39:19.672376-03:00,True
SAL-0043,SALON,o,ABIERTA,1,,8.16,0.38,7.78,8.16,0.38,7.78,2026-08-11T22:39:19.672376-03:00,2026-08-11T22:39:19.672376-03:00,True
SAL-0044,SALON,p,ABIERTA,1,,8.605,0.38,8.225,8.605,0.38,8.225,2026-08-11T22:39:19.672376-03:00,2026-08-11T22:39:19.672376-03:00,True
SAL-0045,SALON,q,ABIERTA,1,,8.3,0.38,7.920000000000001,8.3,0.38,7.920000000000001,2026-08-11T22:39:19.672376-03:00,2026-08-11T22:39:19.672376-03:00,True
SAL-0046,SALON,r,ABIERTA,1,,5.93,0.38,5.55,5.93,0.38,5.55,2026-08-11T22:39:19.672376-03:00,2026-08-11T22:39:19.672376-03:00,True
SAL-0047,SALON,s,ABIERTA,1,,2.98,0.38,2.6,2.98,0.38,2.6,2026-08-11T22:39:19.672376-03:00,2026-08-11T22:39:19.672376-03:00,True
SAL-0048,SALON,t,ABIERTA,1,,5.585,0.38,5.205,5.585,0.38,5.205,2026-08-11T22:39:19.672376-03:00,2026-08-11T22:39:19.672376-03:00,True
SAL-0049,SALON,u,ABIERTA,1,,6.36,0.38,5.98,6.36,0.38,5.98,2026-08-11T22:39:19.672376-03:00,2026-08-11T22:39:19.672376-03:00,True
SAL-0050,SALON,v,ABIERTA,1,,7.325,0.38,6.945,7.325,0.38,6.945,2026-08-11T22:39:19.672376-03:00,2026-08-11T22:39:19.672376-03:00,True
SAL-0051,SALON,w,ABIERTA,1,,1.56,0.38,1.1800000000000002,1.56,0.38,1.1800000000000002,2026-08-11T22:39:19.672376-03:00,2026-08-11T22:39:19.672376-03:00,True
SAL-0052,SALON,y,ABIERTA,1,,2.155,0.38,1.775,2.155,0.38,1.775,2026-08-11T22:39:19.672376-03:00,2026-08-11T22:39:19.672376-03:00,True
SAL-0053,SALON,z,ABIERTA,1,,2.52,0.38,2.14,2.52,0.38,2.14,2026-08-11T22:39:19.672376-03:00,2026-08-11T22:39:19.672376-03:00,True
SAL-0054,SALON,aa,ABIERTA,1,,3.44,0.38,3.06,3.44,0.38,3.06,2026-08-11T22:39:19.672376-03:00,2026-08-11T22:39:19.672376-03:00,True
SAL-0055,SALON,bb,ABIERTA,1,,1.93,0.38,1.5499999999999998,1.93,0.38,1.5499999999999998,2026-08-11T22:39:19.672376-03:00,2026-08-11T22:39:19.672376-03:00,True
SAL-0056,SALON,cc,ABIERTA,1,,5.32,0.38,4.94,5.32,0.38,4.94,2026-08-11T22:39:19.672376-03:00,2026-08-11T22:39:19.672376-03:00,True
SAL-0057,SALON,dd,ABIERTA,1,,6.875,0.38,6.495,6.875,0.38,6.495,2026-08-11T22:39:19.672376-03:00,2026-08-11T22:39:19.672376-03:00,True
SAL-0058,SALON,ee,ABIERTA,1,,2.99,0.38,2.6100000000000003,2.99,0.38,2.6100000000000003,2026-08-11T22:39:19.672376-03:00,2026-08-11T22:39:19.672376-03:00,True
SAL-0059,SALON,hh,ABIERTA,1,,7.095,0.38,6.715,7.095,0.38,6.715,2026-08-11T22:39:19.672376-03:00,2026-08-11T22:39:19.672376-03:00,True
SAL-0060,SALON,ii,ABIERTA,1,,9.38,0.38,9.0,9.38,0.38,9.0,2026-08-11T22:39:19.672376-03:00,2026-08-11T22:39:19.672376-03:00,True
SAL-0061,SALON,jj,ABIERTA,1,,5.835,0.38,5.455,5.835,0.38,5.455,2026-08-11T22:39:19.672376-03:00,2026-08-11T22:39:19.672376-03:00,True
SAL-0062,SALON,kk,ABIERTA,1,,2.615,0.38,2.2350000000000003,2.615,0.38,2.2350000000000003,2026-08-11T22:39:19.672376-03:00,2026-08-11T22:39:19.672376-03:00,True
SAL-0063,SALON,ll,ABIERTA,1,,2.46,0.38,2.08,2.46,0.38,2.08,2026-08-11T22:39:19.672376-03:00,2026-08-11T22:39:19.672376-03:00,True
SAL-0064,SALON,mm,ABIERTA,1,,12.99,0.38,12.61,12.99,0.38,12.61,2026-08-11T22:39:19.672376-03:00,2026-08-11T22:39:19.672376-03:00,True
