movement_id,operation_id,timestamp,week_id,movement_type,from_location,to_location,source_stock_id,target_stock_id,sabor,cantidad_latas,peso_bruto_kg,tara_kg,peso_neto_kg,tara_final_kg,residuo_final_kg,notes
MOV-000001,,2026-08-11T22:39:19.672376-03:00,WEEK_e35ff34e86b4,CARGA_MANUAL_SALON,INICIAL,SALON,,SAL-000001,CAPUCCINO_GRANIZADO,1,7.735,0.38,7.355,,,
MOV-000002,,2026-08-11T22:39:19.672376-03:00,WEEK_e35ff34e86b4,CARGA_MANUAL_SALON,INICIAL,SALON,,SAL-000002,ANANA,1,7.82,0.38,7.44,,,
MOV-000003,,2026-08-11T22:39:19.672376-03:00,WEEK_e35ff34e86b4,CARGA_MANUAL_SALON,INICIAL,SALON,,SAL-000003,CHOCOLATE_MANI_CRUNCH,1,7.85,0.38,7.47,,,
MOV-000004,,2026-08-11T22:39:19.672376-03:00,WEEK_e35ff34e86b4,CARGA_MANUAL_SALON,INICIAL,SALON,,SAL-000004,QUINOTO,1,8.075,0.38,7.694999999999999,,,
MOV-000005,,2026-08-11T22:39:19.672376-03:00,WEEK_e35ff34e86b4,CARGA_MANUAL_SALON,INICIAL,SALON,,SAL-000005,CHOCOLATE_SUIZO,1,8.0,0.38,7.62,,,
MOV-000006,,2026-08-11T22:39:19.672376-03:00,WEEK_e35ff34e86b4,CARGA_MANUAL_SALON,INICIAL,SALON,,SAL-000006,CHOCOLATE,1,7.99,0.38,7.61,,,
MOV-000007,,2026-08-11T22:39:19.672376-03:00,WEEK_e35ff34e86b4,CARGA_MANUAL_SALON,INICIAL,SALON,,SAL-000007,CHOCOLATE_BLANCO,1,8.005,0.38,7.625000000000001,,,
MOV-000008,,2026-08-11T22:39:19.672376-03:00,WEEK_e35ff34e86b4,CARGA_MANUAL_SALON,INICIAL,SALON,,SAL-000008,CHOCOLATE_CON_ALMENDRAS,1,8.015,0.38,7.635000000000001,,,
MOV-000009,,2026-08-11T22:39:19.672376-03:00,WEEK_e35ff34e86b4,CARGA_MANUAL_SALON,INICIAL,SALON,,SAL-000009,GRIDO_MARROC,1,7.97,0.38,7.59,,,
MOV-000010,,2026-08-11T22:39:19.672376-03:00,WEEK_e35ff34e86b4,CARGA_MANUAL_SALON,INICIAL,SALON,,SAL-000010,CREMA_RUSA,1,7.9,0.38,7.52,,,
MOV-000011,,2026-08-11T22:39:19.672376-03:00,WEEK_e35ff34e86b4,CARGA_MANUAL_SALON,INICIAL,SALON,,SAL-000011,TIRAMISU,1,7.915,0.38,7.535,,,
MOV-000012,,2026-08-11T22:39:19.672376-03:00,WEEK_e35ff34e86b4,CARGA_MANUAL_SALON,INICIAL,SALON,,SAL-000012,SUPER_GRIDITO,1,8.215,0.38,7.835,,,
MOV-000013,,2026-08-11T22:39:19.672376-03:00,WEEK_e35ff34e86b4,CARGA_MANUAL_SALON,INICIAL,SALON,,SAL-000013,MENTA_GRANIZADO,1,8.06,0.38,7.680000000000001,,,
MOV-000014,,2026-08-11T22:39:19.672376-03:00,WEEK_e35ff34e86b4,CARGA_MANUAL_SALON,INICIAL,SALON,,SAL-000014,CEREZA,1,7.775,0.38,7.395,,,
MOV-000015,,2026-08-11T22:39:19.672376-03:00,WEEK_e35ff34e86b4,CARGA_MANUAL_SALON,INICIAL,SALON,,SAL-000015,CHOCOLATE_BLANCO_OREO,1,7.965,0.38,7.585,,,
MOV-000016,,2026-08-11T22:39:19.672376-03:00,WEEK_e35ff34e86b4,CARGA_MANUAL_SALON,INICIAL,SALON,,SAL-000016,DULCE_DE_LECHE,1,7.885,0.38,7.505,,,
MOV-000017,,2026-08-11T22:39:19.672376-03:00,WEEK_e35ff34e86b4,CARGA_MANUAL_SALON,INICIAL,SALON,,SAL-000017,DULCE_DE_LECHE_GRANIZADO,1,7.715,0.38,7.335,,,
MOV-000018,,2026-08-11T22:39:19.672376-03:00,WEEK_e35ff34e86b4,CARGA_MANUAL_SALON,INICIAL,SALON,,SAL-000018,DULCE_DE_LECHE_CON_NUEZ,1,7.885,0.38,7.505,,,
MOV-000019,,2026-08-11T22:39:19.672376-03:00,WEEK_e35ff34e86b4,CARGA_MANUAL_SALON,INICIAL,SALON,,SAL-000019,SUPER_DULCE_DE_LECHE,1,8.02,0.38,7.64,,,
MOV-000020,,2026-08-11T22:39:19.672376-03:00,WEEK_e35ff34e86b4,CARGA_MANUAL_SALON,INICIAL,SALON,,SAL-000020,MASCARPONE,1,7.8,0.38,7.42,,,
MOV-000021,,2026-08-11T22:39:19.672376-03:00,WEEK_e35ff34e86b4,CARGA_MANUAL_SALON,INICIAL,SALON,,SAL-000021,DULCE_DE_LECHE_BROWNIE,1,8.085,0.38,7.705000000000001,,,
MOV-000022,,2026-08-11T22:39:19.672376-03:00,WEEK_e35ff34e86b4,CARGA_MANUAL_SALON,INICIAL,SALON,,SAL-000022,CREMA_COOKIE,1,7.915,0.38,7.535,,,
MOV-000023,,2026-08-11T22:39:19.672376-03:00,WEEK_e35ff34e86b4,CARGA_MANUAL_SALON,INICIAL,SALON,,SAL-000023,AMERICANA,1,8.065,0.38,7.685,,,
MOV-000024,,2026-08-11T22:39:19.672376-03:00,WEEK_e35ff34e86b4,CARGA_MANUAL_SALON,INICIAL,SALON,,SAL-000024,TRAMONTANA,1,8.105,0.38,7.725,,,
MOV-000025,,2026-08-11T22:39:19.672376-03:00,WEEK_e35ff34e86b4,CARGA_MANUAL_SALON,INICIAL,SALON,,SAL-000025,GRANIZADO,1,8.175,0.38,7.795000000000001,,,
MOV-000026,,2026-08-11T22:39:19.672376-03:00,WEEK_e35ff34e86b4,CARGA_MANUAL_SALON,INICIAL,SALON,,SAL-000026,BANANA,1,8.095,0.38,7.715000000000001,,,
MOV-000027,,2026-08-11T22:39:19.672376-03:00,WEEK_e35ff34e86b4,CARGA_MANUAL_SALON,INICIAL,SALON,,SAL-000027,FRUTILLA_A_LA_CREMA,1,8.095,0.38,7.715000000000001,,,
MOV-000028,,2026-08-11T22:39:19.672376-03:00,WEEK_e35ff34e86b4,CARGA_MANUAL_SALON,INICIAL,SALON,,SAL-000028,DURAZNO_A_LA_CREMA,1,7.65,0.38,7.27,,,
MOV-000029,,2026-08-11T22:39:19.672376-03:00,WEEK_e35ff34e86b4,CARGA_MANUAL_SALON,INICIAL,SALON,,SAL-000029,a,1,6.47,0.38,6.09,,,
MOV-000030,,2026-08-11T22:39:19.672376-03:00,WEEK_e35ff34e86b4,CARGA_MANUAL_SALON,INICIAL,SALON,,SAL-000030,b,1,7.96,0.38,7.58,,,
MOV-000031,,2026-08-11T22:39:19.672376-03:00,WEEK_e35ff34e86b4,CARGA_MANUAL_SALON,INICIAL,SALON,,SAL-000031,c,1,6.495,0.38,6.115,,,
MOV-000032,,2026-08-11T22:39:19.672376-03:00,WEEK_e35ff34e86b4,CARGA_MANUAL_SALON,INICIAL,SALON,,SAL-000032,d,1,1.695,0.38,1.315,,,
MOV-000033,,2026-08-11T22:39:19.672376-03:00,WEEK_e35ff34e86b4,CARGA_MANUAL_SALON,INICIAL,SALON,,SAL-000033,e,1,8.58,0.38,8.2,,,
MOV-000034,,2026-08-11T22:39:19.672376-03:00,WEEK_e35ff34e86b4,CARGA_MANUAL_SALON,INICIAL,SALON,,SAL-000034,f,1,4.71,0.38,4.33,,,
MOV-000035,,2026-08-11T22:39:19.672376-03:00,WEEK_e35ff34e86b4,CARGA_MANUAL_SALON,INICIAL,SALON,,SAL-000035,g,1,2.67,0.38,2.29,,,
MOV-000036,,2026-08-11T22:39:19.672376-03:00,WEEK_e35ff34e86b4,CARGA_MANUAL_SALON,INICIAL,SALON,,SAL-000036,h,1,6.65,0.38,6.2700000000000005,,,
MOV-000037,,2026-08-11T22:39:19.672376-03:00,WEEK_e35ff34e86b4,CARGA_MANUAL_SALON,INICIAL,SALON,,SAL-000037,i,1,6.07,0.38,5.69,,,
MOV-000038,,2026-08-11T22:39:19.672376-03:00,WEEK_e35ff34e86b4,CARGA_MANUAL_SALON,INICIAL,SALON,,SAL-000038,j,1,7.01,0.38,6.63,,,
MOV-000039,,2026-08-11T22:39:19.672376-03:00,WEEK_e35ff34e86b4,CARGA_MANUAL_SALON,INICIAL,SALON,,SAL-000039,k,1,2.775,0.38,2.395,,,
MOV-000040,,2026-08-11T22:39:19.672376-03:00,WEEK_e35ff34e86b4,CARGA_MANUAL_SALON,INICIAL,SALON,,SAL-000040,l,1,8.595,0.38,8.215,,,
MOV-000041,,2026-08-11T22:39:19.672376-03:00,WEEK_e35ff34e86b4,CARGA_MANUAL_SALON,INICIAL,SALON,,SAL-000041,m,1,7.03,0.38,6.65,,,
MOV-000042,,2026-08-11T22:39:19.672376-03:00,WEEK_e35ff34e86b4,CARGA_MANUAL_SALON,INICIAL,SALON,,SAL-000042,n,1,4.81,0.38,4.43,,,
MOV-000043,,2026-08-11T22:39:19.672376-03:00,WEEK_e35ff34e86b4,CARGA_MANUAL_SALON,INICIAL,SALON,,SAL-000043,o,1,8.16,0.38,7.78,,,
MOV-000044,,2026-08-11T22:39:19.672376-03:00,WEEK_e35ff34e86b4,CARGA_MANUAL_SALON,INICIAL,SALON,,SAL-000044,p,1,8.605,0.38,8.225,,,
MOV-000045,,2026-08-11T22:39:19.672376-03:00,WEEK_e35ff34e86b4,CARGA_MANUAL_SALON,INICIAL,SALON,,SAL-000045,q,1,8.3,0.38,7.920000000000001,,,
MOV-000046,,2026-08-11T22:39:19.672376-03:00,WEEK_e35ff34e86b4,CARGA_MANUAL_SALON,INICIAL,SALON,,SAL-000046,r,1,5.93,0.38,5.55,,,
MOV-000047,,2026-08-11T22:39:19.672376-03:00,WEEK_e35ff34e86b4,CARGA_MANUAL_SALON,INICIAL,SALON,,SAL-000047,s,1,2.98,0.38,2.6,,,
MOV-000048,,2026-08-11T22:39:19.672376-03:00,WEEK_e35ff34e86b4,CARGA_MANUAL_SALON,INICIAL,SALON,,SAL-000048,t,1,5.585,0.38,5.205,,,
MOV-000049,,2026-08-11T22:39:19.672376-03:00,WEEK_e35ff34e86b4,CARGA_MANUAL_SALON,INICIAL,SALON,,SAL-000049,u,1,6.36,0.38,5.98,,,
MOV-000050,,2026-08-11T22:39:19.672376-03:00,WEEK_e35ff34e86b4,CARGA_MANUAL_SALON,INICIAL,SALON,,SAL-000050,v,1,7.325,0.38,6.945,,,
MOV-000051,,2026-08-11T22:39:19.672376-03:00,WEEK_e35ff34e86b4,CARGA_MANUAL_SALON,INICIAL,SALON,,SAL-000051,w,1,1.56,0.38,1.1800000000000002,,,
MOV-000052,,2026-08-11T22:39:19.672376-03:00,WEEK_e35ff34e86b4,CARGA_MANUAL_SALON,INICIAL,SALON,,SAL-000052,y,1,2.155,0.38,1.775,,,
MOV-000053,,2026-08-11T22:39:19.672376-03:00,WEEK_e35ff34e86b4,CARGA_MANUAL_SALON,INICIAL,SALON,,SAL-000053,z,1,2.52,0.38,2.14,,,
MOV-000054,,2026-08-11T22:39:19.672376-03:00,WEEK_e35ff34e86b4,CARGA_MANUAL_SALON,INICIAL,SALON,,SAL-000054,aa,1,3.44,0.38,3.06,,,
MOV-000055,,2026-08-11T22:39:19.672376-03:00,WEEK_e35ff34e86b4,CARGA_MANUAL_SALON,INICIAL,SALON,,SAL-000055,bb,1,1.93,0.38,1.5499999999999998,,,
MOV-000056,,2026-08-11T22:39:19.672376-03:00,WEEK_e35ff34e86b4,CARGA_MANUAL_SALON,INICIAL,SALON,,SAL-000056,cc,1,5.32,0.38,4.94,,,
MOV-000057,,2026-08-11T22:39:19.672376-03:00,WEEK_e35ff34e86b4,CARGA_MANUAL_SALON,INICIAL,SALON,,SAL-000057,dd,1,6.875,0.38,6.495,,,
MOV-000058,,2026-08-11T22:39:19.672376-03:00,WEEK_e35ff34e86b4,CARGA_MANUAL_SALON,INICIAL,SALON,,SAL-000058,ee,1,2.99,0.38,2.6100000000000003,,,
MOV-000059,,2026-08-11T22:39:19.672376-03:00,WEEK_e35ff34e86b4,CARGA_MANUAL_SALON,INICIAL,SALON,,SAL-000059,hh,1,7.095,0.38,6.715,,,
MOV-000060,,2026-08-11T22:39:19.672376-03:00,WEEK_e35ff34e86b4,CARGA_MANUAL_SALON,INICIAL,SALON,,SAL-000060,ii,1,9.38,0.38,9.0,,,
MOV-000061,,2026-08-11T22:39:19.672376-03:00,WEEK_e35ff34e86b4,CARGA_MANUAL_SALON,INICIAL,SALON,,SAL-000061,jj,1,5.835,0.38,5.455,,,
MOV-000062,,2026-08-11T22:39:19.672376-03:00,WEEK_e35ff34e86b4,CARGA_MANUAL_SALON,INICIAL,SALON,,SAL-000062,kk,1,2.615,0.38,2.2350000000000003,,,
MOV-000063,,2026-08-11T22:39:19.672376-03:00,WEEK_e35ff34e86b4,CARGA_MANUAL_SALON,INICIAL,SALON,,SAL-000063,ll,1,2.46,0.38,2.08,,,
MOV-000064,,2026-08-11T22:39:19.672376-03:00,WEEK_e35ff34e86b4,CARGA_MANUAL_SALON,INICIAL,SALON,,SAL-000064,mm,1,12.99,0.38,12.61,,,
MOV-000065,,2026-08-12T01:33:06.547601-03:00,WEEK-000001,LATA_ABIERTA,SALON,SALON,SAL-000001,SAL-000001,CAPUCCINO_GRANIZADO,1,7.735,0.38,7.355,,,
MOV-000066,FINALIZA-000001,2026-08-12T14:46:42.297139-03:00,WEEK-000001,LATA_AGOTADA,SALON,FUERA_STOCK,SAL-000001,,CAPUCCINO_GRANIZADO,1,0.4,0.4,0.0,0.4,0.02,
