stock_id,sabor,estado,source_camera_stock_id,ingresada_salon_at,kg_referencia_lata,peso_inicial_bruto_kg,tara_inicial_kg,peso_inicial_neto_kg,opened_at,opened_operation_id,peso_actual_bruto_kg,tara_actual_kg,peso_actual_neto_kg,finished_at,peso_final_bruto_kg,tara_final_kg,residuo_final_kg,finished_operation_id,created_at,updated_at,active
SAL-0001,CAPUCCINO_GRANIZADO,AGOTADA,,,,7.735,0.38,7.355,2026-08-12T01:33:06.547601-03:00,,0.4,0.4,0.0,2026-08-12T14:46:42.297139-03:00,0.4,0.4,0.02,FINALIZA_63138b30762a,2026-08-11T22:39:19.672376-03:00,2026-08-12T14:46:42.297139-03:00,False
SAL-0002,ANANA,CERRADA,,,,7.82,0.38,7.44,,,7.82,0.38,7.44,,,,,,2026-08-11T22:39:19.672376-03:00,2026-08-11T22:39:19.672376-03:00,True
SAL-0003,CHOCOLATE_MANI_CRUNCH,CERRADA,,,,7.85,0.38,7.47,,,7.85,0.38,7.47,,,,,,2026-08-11T22:39:19.672376-03:00,2026-08-11T22:39:19.672376-03:00,True
SAL-0004,QUINOTO,CERRADA,,,,8.075,0.38,7.694999999999999,,,8.075,0.38,7.694999999999999,,,,,,2026-08-11T22:39:19.672376-03:00,2026-08-11T22:39:19.672376-03:00,True
SAL-0005,CHOCOLATE_SUIZO,CERRADA,,,,8.0,0.38,7.62,,,8.0,0.38,7.62,,,,,,2026-08-11T22:39:19.672376-03:00,2026-08-11T22:39:19.672376-03:00,True
SAL-0006,CHOCOLATE,CERRADA,,,,7.99,0.38,7.61,,,7.99,0.38,7.61,,,,,,2026-08-11T22:39:19.672376-03:00,2026-08-11T22:39:19.672376-03:00,True
SAL-0007,CHOCOLATE_BLANCO,CERRADA,,,,8.005,0.38,7.625000000000001,,,8.005,0.38,7.625000000000001,,,,,,2026-08-11T22:39:19.672376-03:00,2026-08-11T22:39:19.672376-03:00,True
SAL-0008,CHOCOLATE_CON_ALMENDRAS,CERRADA,,,,8.015,0.38,7.635000000000001,,,8.015,0.38,7.635000000000001,,,,,,2026-08-11T22:39:19.672376-03:00,2026-08-11T22:39:19.672376-03:00,True
SAL-0009,GRIDO_MARROC,CERRADA,,,,7.97,0.38,7.59,,,7.97,0.38,7.59,,,,,,2026-08-11T22:39:19.672376-03:00,2026-08-11T22:39:19.672376-03:00,True
SAL-0010,CREMA_RUSA,CERRADA,,,,7.9,0.38,7.52,,,7.9,0.38,7.52,,,,,,2026-08-11T22:39:19.672376-03:00,2026-08-11T22:39:19.672376-03:00,True
SAL-0011,TIRAMISU,CERRADA,,,,7.915,0.38,7.535,,,7.915,0.38,7.535,,,,,,2026-08-11T22:39:19.672376-03:00,2026-08-11T22:39:19.672376-03:00,True
SAL-0012,SUPER_GRIDITO,CERRADA,,,,8.215,0.38,7.835,,,8.215,0.38,7.835,,,,,,2026-08-11T22:39:19.672376-03:00,2026-08-11T22:39:19.672376-03:00,True
SAL-0013,MENTA_GRANIZADO,CERRADA,,,,8.06,0.38,7.680000000000001,,,8.06,0.38,7.680000000000001,,,,,,2026-08-11T22:39:19.672376-03:00,2026-08-11T22:39:19.672376-03:00,True
SAL-0014,CEREZA,CERRADA,,,,7.775,0.38,7.395,,,7.775,0.38,7.395,,,,,,2026-08-11T22:39:19.672376-03:00,2026-08-11T22:39:19.672376-03:00,True
SAL-0015,CHOCOLATE_BLANCO_OREO,CERRADA,,,,7.965,0.38,7.585,,,7.965,0.38,7.585,,,,,,2026-08-11T22:39:19.672376-03:00,2026-08-11T22:39:19.672376-03:00,True
SAL-0016,DULCE_DE_LECHE,CERRADA,,,,7.885,0.38,7.505,,,7.885,0.38,7.505,,,,,,2026-08-11T22:39:19.672376-03:00,2026-08-11T22:39:19.672376-03:00,True
SAL-0017,DULCE_DE_LECHE_GRANIZADO,CERRADA,,,,7.715,0.38,7.335,,,7.715,0.38,7.335,,,,,,2026-08-11T22:39:19.672376-03:00,2026-08-11T22:39:19.672376-03:00,True
SAL-0018,DULCE_DE_LECHE_CON_NUEZ,CERRADA,,,,7.885,0.38,7.505,,,7.885,0.38,7.505,,,,,,2026-08-11T22:39:19.672376-03:00,2026-08-11T22:39:19.672376-03:00,True
SAL-0019,SUPER_DULCE_DE_LECHE,CERRADA,,,,8.02,0.38,7.64,,,8.02,0.38,7.64,,,,,,2026-08-11T22:39:19.672376-03:00,2026-08-11T22:39:19.672376-03:00,True
SAL-0020,MASCARPONE,CERRADA,,,,7.8,0.38,7.42,,,7.8,0.38,7.42,,,,,,2026-08-11T22:39:19.672376-03:00,2026-08-11T22:39:19.672376-03:00,True
SAL-0021,DULCE_DE_LECHE_BROWNIE,CERRADA,,,,8.085,0.38,7.705000000000001,,,8.085,0.38,7.705000000000001,,,,,,2026-08-11T22:39:19.672376-03:00,2026-08-11T22:39:19.672376-03:00,True
SAL-0022,CREMA_COOKIE,CERRADA,,,,7.915,0.38,7.535,,,7.915,0.38,7.535,,,,,,2026-08-11T22:39:19.672376-03:00,2026-08-11T22:39:19.672376-03:00,True
SAL-0023,AMERICANA,CERRADA,,,,8.065,0.38,7.685,,,8.065,0.38,7.685,,,,,,2026-08-11T22:39:19.672376-03:00,2026-08-11T22:39:19.672376-03:00,True
SAL-0024,TRAMONTANA,CERRADA,,,,8.105,0.38,7.725,,,8.105,0.38,7.725,,,,,,2026-08-11T22:39:19.672376-03:00,2026-08-11T22:39:19.672376-03:00,True
SAL-0025,GRANIZADO,CERRADA,,,,8.175,0.38,7.795000000000001,,,8.175,0.38,7.795000000000001,,,,,,2026-08-11T22:39:19.672376-03:00,2026-08-11T22:39:19.672376-03:00,True
SAL-0026,BANANA,CERRADA,,,,8.095,0.38,7.715000000000001,,,8.095,0.38,7.715000000000001,,,,,,2026-08-11T22:39:19.672376-03:00,2026-08-11T22:39:19.672376-03:00,True
SAL-0027,FRUTILLA_A_LA_CREMA,CERRADA,,,,8.095,0.38,7.715000000000001,,,8.095,0.38,7.715000000000001,,,,,,2026-08-11T22:39:19.672376-03:00,2026-08-11T22:39:19.672376-03:00,True
SAL-0028,DURAZNO_A_LA_CREMA,CERRADA,,,,7.65,0.38,7.27,,,7.65,0.38,7.27,,,,,,2026-08-11T22:39:19.672376-03:00,2026-08-11T22:39:19.672376-03:00,True
SAL-0029,a,ABIERTA,,,,6.47,0.38,6.09,,,6.47,0.38,6.09,,,,,,2026-08-11T22:39:19.672376-03:00,2026-08-11T22:39:19.672376-03:00,True
SAL-0030,b,ABIERTA,,,,7.96,0.38,7.58,,,7.96,0.38,7.58,,,,,,2026-08-11T22:39:19.672376-03:00,2026-08-11T22:39:19.672376-03:00,True
SAL-0031,c,ABIERTA,,,,6.495,0.38,6.115,,,6.495,0.38,6.115,,,,,,2026-08-11T22:39:19.672376-03:00,2026-08-11T22:39:19.672376-03:00,True
SAL-0032,d,ABIERTA,,,,1.695,0.38,1.315,,,1.695,0.38,1.315,,,,,,2026-08-11T22:39:19.672376-03:00,2026-08-11T22:39:19.672376-03:00,True
SAL-0033,e,ABIERTA,,,,8.58,0.38,8.2,,,8.58,0.38,8.2,,,,,,2026-08-11T22:39:19.672376-03:00,2026-08-11T22:39:19.672376-03:00,True
SAL-0034,f,ABIERTA,,,,4.71,0.38,4.33,,,4.71,0.38,4.33,,,,,,2026-08-11T22:39:19.672376-03:00,2026-08-11T22:39:19.672376-03:00,True
SAL-0035,g,ABIERTA,,,,2.67,0.38,2.29,,,2.67,0.38,2.29,,,,,,2026-08-11T22:39:19.672376-03:00,2026-08-11T22:39:19.672376-03:00,True
SAL-0036,h,ABIERTA,,,,6.65,0.38,6.2700000000000005,,,6.65,0.38,6.2700000000000005,,,,,,2026-08-11T22:39:19.672376-03:00,2026-08-11T22:39:19.672376-03:00,True
SAL-0037,i,ABIERTA,,,,6.07,0.38,5.69,,,6.07,0.38,5.69,,,,,,2026-08-11T22:39:19.672376-03:00,2026-08-11T22:39:19.672376-03:00,True
SAL-0038,j,ABIERTA,,,,7.01,0.38,6.63,,,7.01,0.38,6.63,,,,,,2026-08-11T22:39:19.672376-03:00,2026-08-11T22:39:19.672376-03:00,True
SAL-0039,k,ABIERTA,,,,2.775,0.38,2.395,,,2.775,0.38,2.395,,,,,,2026-08-11T22:39:19.672376-03:00,2026-08-11T22:39:19.672376-03:00,True
SAL-0040,l,ABIERTA,,,,8.595,0.38,8.215,,,8.595,0.38,8.215,,,,,,2026-08-11T22:39:19.672376-03:00,2026-08-11T22:39:19.672376-03:00,True
SAL-0041,m,ABIERTA,,,,7.03,0.38,6.65,,,7.03,0.38,6.65,,,,,,2026-08-11T22:39:19.672376-03:00,2026-08-11T22:39:19.672376-03:00,True
SAL-0042,n,ABIERTA,,,,4.81,0.38,4.43,,,4.81,0.38,4.43,,,,,,2026-08-11T22:39:19.672376-03:00,2026-08-11T22:39:19.672376-03:00,True
SAL-0043,o,ABIERTA,,,,8.16,0.38,7.78,,,8.16,0.38,7.78,,,,,,2026-08-11T22:39:19.672376-03:00,2026-08-11T22:39:19.672376-03:00,True
SAL-0044,p,ABIERTA,,,,8.605,0.38,8.225,,,8.605,0.38,8.225,,,,,,2026-08-11T22:39:19.672376-03:00,2026-08-11T22:39:19.672376-03:00,True
SAL-0045,q,ABIERTA,,,,8.3,0.38,7.920000000000001,,,8.3,0.38,7.920000000000001,,,,,,2026-08-11T22:39:19.672376-03:00,2026-08-11T22:39:19.672376-03:00,True
SAL-0046,r,ABIERTA,,,,5.93,0.38,5.55,,,5.93,0.38,5.55,,,,,,2026-08-11T22:39:19.672376-03:00,2026-08-11T22:39:19.672376-03:00,True
SAL-0047,s,ABIERTA,,,,2.98,0.38,2.6,,,2.98,0.38,2.6,,,,,,2026-08-11T22:39:19.672376-03:00,2026-08-11T22:39:19.672376-03:00,True
SAL-0048,t,ABIERTA,,,,5.585,0.38,5.205,,,5.585,0.38,5.205,,,,,,2026-08-11T22:39:19.672376-03:00,2026-08-11T22:39:19.672376-03:00,True
SAL-0049,u,ABIERTA,,,,6.36,0.38,5.98,,,6.36,0.38,5.98,,,,,,2026-08-11T22:39:19.672376-03:00,2026-08-11T22:39:19.672376-03:00,True
SAL-0050,v,ABIERTA,,,,7.325,0.38,6.945,,,7.325,0.38,6.945,,,,,,2026-08-11T22:39:19.672376-03:00,2026-08-11T22:39:19.672376-03:00,True
SAL-0051,w,ABIERTA,,,,1.56,0.38,1.1800000000000002,,,1.56,0.38,1.1800000000000002,,,,,,2026-08-11T22:39:19.672376-03:00,2026-08-11T22:39:19.672376-03:00,True
SAL-0052,y,ABIERTA,,,,2.155,0.38,1.775,,,2.155,0.38,1.775,,,,,,2026-08-11T22:39:19.672376-03:00,2026-08-11T22:39:19.672376-03:00,True
SAL-0053,z,ABIERTA,,,,2.52,0.38,2.14,,,2.52,0.38,2.14,,,,,,2026-08-11T22:39:19.672376-03:00,2026-08-11T22:39:19.672376-03:00,True
SAL-0054,aa,ABIERTA,,,,3.44,0.38,3.06,,,3.44,0.38,3.06,,,,,,2026-08-11T22:39:19.672376-03:00,2026-08-11T22:39:19.672376-03:00,True
SAL-0055,bb,ABIERTA,,,,1.93,0.38,1.5499999999999998,,,1.93,0.38,1.5499999999999998,,,,,,2026-08-11T22:39:19.672376-03:00,2026-08-11T22:39:19.672376-03:00,True
SAL-0056,cc,ABIERTA,,,,5.32,0.38,4.94,,,5.32,0.38,4.94,,,,,,2026-08-11T22:39:19.672376-03:00,2026-08-11T22:39:19.672376-03:00,True
SAL-0057,dd,ABIERTA,,,,6.875,0.38,6.495,,,6.875,0.38,6.495,,,,,,2026-08-11T22:39:19.672376-03:00,2026-08-11T22:39:19.672376-03:00,True
SAL-0058,ee,ABIERTA,,,,2.99,0.38,2.6100000000000003,,,2.99,0.38,2.6100000000000003,,,,,,2026-08-11T22:39:19.672376-03:00,2026-08-11T22:39:19.672376-03:00,True
SAL-0059,hh,ABIERTA,,,,7.095,0.38,6.715,,,7.095,0.38,6.715,,,,,,2026-08-11T22:39:19.672376-03:00,2026-08-11T22:39:19.672376-03:00,True
SAL-0060,ii,ABIERTA,,,,9.38,0.38,9.0,,,9.38,0.38,9.0,,,,,,2026-08-11T22:39:19.672376-03:00,2026-08-11T22:39:19.672376-03:00,True
SAL-0061,jj,ABIERTA,,,,5.835,0.38,5.455,,,5.835,0.38,5.455,,,,,,2026-08-11T22:39:19.672376-03:00,2026-08-11T22:39:19.672376-03:00,True
SAL-0062,kk,ABIERTA,,,,2.615,0.38,2.2350000000000003,,,2.615,0.38,2.2350000000000003,,,,,,2026-08-11T22:39:19.672376-03:00,2026-08-11T22:39:19.672376-03:00,True
SAL-0063,ll,ABIERTA,,,,2.46,0.38,2.08,,,2.46,0.38,2.08,,,,,,2026-08-11T22:39:19.672376-03:00,2026-08-11T22:39:19.672376-03:00,True
SAL-0064,mm,ABIERTA,,,,12.99,0.38,12.61,,,12.99,0.38,12.61,,,,,,2026-08-11T22:39:19.672376-03:00,2026-08-11T22:39:19.672376-03:00,True
