camera_stock_id,sabor,estado,kg_referencia_lata,ingresada_camera_at,moved_to_salon_at,target_salon_stock_id,legacy_batch_id,created_at,updated_at,active
CAM-BAN-000001,BANANA,DISPONIBLE,7.58,2026-08-12T17:26:59.244854-03:00,,,,2026-08-12T17:26:59.244854-03:00,2026-08-12T17:26:59.244854-03:00,True
CAM-BAN-000002,BANANA,DISPONIBLE,7.8,2026-08-13T11:46:33.547789-03:00,,,,2026-08-13T11:46:33.547789-03:00,2026-08-13T11:46:33.547789-03:00,True
CAM-BAN-000003,BANANA,DISPONIBLE,7.8,2026-08-13T11:46:33.547789-03:00,,,,2026-08-13T11:46:33.547789-03:00,2026-08-13T11:46:33.547789-03:00,True
CAM-BAN-000004,BANANA,DISPONIBLE,7.8,2026-08-13T11:46:33.547789-03:00,,,,2026-08-13T11:46:33.547789-03:00,2026-08-13T11:46:33.547789-03:00,True
CAM-BAN-000005,BANANA,DISPONIBLE,7.8,2026-08-13T11:46:33.547789-03:00,,,,2026-08-13T11:46:33.547789-03:00,2026-08-13T11:46:33.547789-03:00,True
CAM-BAN-000006,BANANA,DISPONIBLE,7.8,2026-08-13T11:46:37.911650-03:00,,,,2026-08-13T11:46:37.911650-03:00,2026-08-13T11:46:37.911650-03:00,True
CAM-BAN-000007,BANANA,DISPONIBLE,7.8,2026-08-13T11:46:37.911650-03:00,,,,2026-08-13T11:46:37.911650-03:00,2026-08-13T11:46:37.911650-03:00,True
CAM-BAN-000008,BANANA,DISPONIBLE,7.8,2026-08-13T11:46:37.911650-03:00,,,,2026-08-13T11:46:37.911650-03:00,2026-08-13T11:46:37.911650-03:00,True
CAM-BAN-000009,BANANA,DISPONIBLE,7.8,2026-08-13T11:46:37.911650-03:00,,,,2026-08-13T11:46:37.911650-03:00,2026-08-13T11:46:37.911650-03:00,True
