product_stock_id,product_code,categoria,subcategoria,producto,packaging_mode,cantidad_packs,cantidad_cajas,cajas_por_pack,unidades_por_pack,unidades_por_caja,total_cajas,total_unidades,created_at,updated_at,active
CAM-FAM-000001,PROD-FAM-000001,FAMILIARES,,FAM_1,PACK_UNIDADES,3.0,,,6.0,,,18,2026-08-18T17:02:05.246132-03:00,2026-08-18T18:08:49.147471-03:00,False
CAM-FAM-000002,PROD-FAM-000002,FAMILIARES,,FAM_2,PACK_UNIDADES,1.0,,,6.0,,,6,2026-08-18T17:02:25.453928-03:00,2026-08-18T18:08:49.270476-03:00,False
CAM-FAM-000003,PROD-FAM-000001,FAMILIARES,,FAM_1,PACK_UNIDADES,1.0,,,6.0,,,6,2026-08-18T18:09:38.103958-03:00,2026-08-18T18:09:38.103958-03:00,True
CAM-FAM-000004,PROD-FAM-000001,FAMILIARES,,FAM_1,PACK_UNIDADES,1.0,,,6.0,,,6,2026-08-18T18:09:38.103958-03:00,2026-08-18T18:09:38.103958-03:00,True
CAM-FAM-000005,PROD-FAM-000001,FAMILIARES,,FAM_1,PACK_UNIDADES,1.0,,,6.0,,,6,2026-08-18T18:09:38.103958-03:00,2026-08-18T18:09:38.103958-03:00,True
CAM-FAM-000006,PROD-FAM-000002,FAMILIARES,,FAM_2,PACK_UNIDADES,1.0,,,6.0,,,6,2026-08-18T18:09:55.720040-03:00,2026-08-18T18:09:55.720040-03:00,True
CAM-FAM-000007,PROD-FAM-000003,FAMILIARES,,FAM_3,PACK_UNIDADES,1.0,,,6.0,,,6,2026-08-18T18:10:23.521180-03:00,2026-08-18T18:10:23.521180-03:00,True
CAM-FAM-000008,PROD-FAM-000003,FAMILIARES,,FAM_3,PACK_UNIDADES,1.0,,,6.0,,,6,2026-08-18T18:10:23.521180-03:00,2026-08-18T18:10:23.521180-03:00,True
CAM-FAM-000009,PROD-FAM-000003,FAMILIARES,,FAM_3,PACK_UNIDADES,1.0,,,6.0,,,6,2026-08-18T18:10:23.521180-03:00,2026-08-18T18:10:23.521180-03:00,True
CAM-FAM-000010,PROD-FAM-000004,FAMILIARES,,FAM_4,PACK_UNIDADES,1.0,,,6.0,,,6,2026-08-18T18:10:58.689503-03:00,2026-08-18T18:10:58.689503-03:00,True
CAM-FAM-000011,PROD-FAM-000004,FAMILIARES,,FAM_4,PACK_UNIDADES,1.0,,,6.0,,,6,2026-08-18T18:10:58.689503-03:00,2026-08-18T18:10:58.689503-03:00,True
CAM-TEN-000001,PROD-TEN-000009,TENTACIONES,,TENTACION_FRUTILLA,PACK_UNIDADES,1.0,,,6.0,,,6,2026-08-18T18:11:58.652002-03:00,2026-08-18T18:11:58.652002-03:00,True
CAM-TEN-000002,PROD-TEN-000009,TENTACIONES,,TENTACION_FRUTILLA,PACK_UNIDADES,1.0,,,6.0,,,6,2026-08-18T18:11:58.652002-03:00,2026-08-18T18:11:58.652002-03:00,True
CAM-TEN-000003,PROD-TEN-000009,TENTACIONES,,TENTACION_FRUTILLA,PACK_UNIDADES,1.0,,,6.0,,,6,2026-08-18T18:11:58.652002-03:00,2026-08-18T18:11:58.652002-03:00,True
CAM-TEN-000004,PROD-TEN-000004,TENTACIONES,,TENTACION_DULCE_DE_LECHE_GRANIZADO,PACK_UNIDADES,1.0,,,6.0,,,6,2026-08-18T18:12:16.857827-03:00,2026-08-18T18:12:16.857827-03:00,True
CAM-TEN-000005,PROD-TEN-000004,TENTACIONES,,TENTACION_DULCE_DE_LECHE_GRANIZADO,PACK_UNIDADES,1.0,,,6.0,,,6,2026-08-18T18:12:16.857827-03:00,2026-08-18T18:12:16.857827-03:00,True
CAM-TEN-000006,PROD-TEN-000004,TENTACIONES,,TENTACION_DULCE_DE_LECHE_GRANIZADO,PACK_UNIDADES,1.0,,,6.0,,,6,2026-08-18T18:12:16.857827-03:00,2026-08-18T18:12:16.857827-03:00,True
CAM-TEN-000007,PROD-TEN-000004,TENTACIONES,,TENTACION_DULCE_DE_LECHE_GRANIZADO,PACK_UNIDADES,1.0,,,6.0,,,6,2026-08-18T18:12:16.857827-03:00,2026-08-18T18:12:16.857827-03:00,True
CAM-TEN-000008,PROD-TEN-000004,TENTACIONES,,TENTACION_DULCE_DE_LECHE_GRANIZADO,PACK_UNIDADES,1.0,,,6.0,,,6,2026-08-18T18:12:16.857827-03:00,2026-08-18T18:12:16.857827-03:00,True
CAM-TEN-000009,PROD-TEN-000005,TENTACIONES,,TENTACION_AMERICANA,PACK_UNIDADES,1.0,,,6.0,,,6,2026-08-18T18:12:34.746300-03:00,2026-08-18T18:12:34.746300-03:00,True
CAM-TEN-000010,PROD-TEN-000005,TENTACIONES,,TENTACION_AMERICANA,PACK_UNIDADES,1.0,,,6.0,,,6,2026-08-18T18:12:34.746300-03:00,2026-08-18T18:12:34.746300-03:00,True
CAM-TEN-000011,PROD-TEN-000002,TENTACIONES,,TENTACION_CHOCOLATE_CON_ALMENDRAS,PACK_UNIDADES,1.0,,,6.0,,,6,2026-08-18T18:12:55.800750-03:00,2026-08-18T18:12:55.800750-03:00,True
CAM-TEN-000012,PROD-TEN-000002,TENTACIONES,,TENTACION_CHOCOLATE_CON_ALMENDRAS,PACK_UNIDADES,1.0,,,6.0,,,6,2026-08-18T18:12:55.800750-03:00,2026-08-18T18:12:55.800750-03:00,True
CAM-TEN-000013,PROD-TEN-000012,TENTACIONES,,TENTACION_MENTA,PACK_UNIDADES,1.0,,,6.0,,,6,2026-08-18T18:13:21.492468-03:00,2026-08-18T18:13:21.492468-03:00,True
CAM-TEN-000014,PROD-TEN-000012,TENTACIONES,,TENTACION_MENTA,PACK_UNIDADES,1.0,,,6.0,,,6,2026-08-18T18:13:21.492468-03:00,2026-08-18T18:13:21.492468-03:00,True
CAM-TEN-000015,PROD-TEN-000012,TENTACIONES,,TENTACION_MENTA,PACK_UNIDADES,1.0,,,6.0,,,6,2026-08-18T18:13:21.492468-03:00,2026-08-18T18:13:21.492468-03:00,True
CAM-TEN-000016,PROD-TEN-000007,TENTACIONES,,TENTACION_CREMA_COOKIE,PACK_UNIDADES,1.0,,,6.0,,,6,2026-08-18T18:13:41.271751-03:00,2026-08-18T18:13:41.271751-03:00,True
CAM-TEN-000017,PROD-TEN-000006,TENTACIONES,,TENTACION_GRANIZADO,PACK_UNIDADES,1.0,,,6.0,,,6,2026-08-18T18:13:57.469615-03:00,2026-08-18T18:13:57.469615-03:00,True
CAM-TEN-000018,PROD-TEN-000008,TENTACIONES,,TENTACION_LIMON,PACK_UNIDADES,1.0,,,6.0,,,6,2026-08-18T18:14:19.737975-03:00,2026-08-18T18:14:19.737975-03:00,True
CAM-TEN-000019,PROD-TEN-000008,TENTACIONES,,TENTACION_LIMON,PACK_UNIDADES,1.0,,,6.0,,,6,2026-08-18T18:14:19.737975-03:00,2026-08-18T18:14:19.737975-03:00,True
CAM-TEN-000020,PROD-TEN-000010,TENTACIONES,,TENTACION_TODDY,PACK_UNIDADES,1.0,,,6.0,,,6,2026-08-18T18:14:38.605422-03:00,2026-08-18T18:14:38.605422-03:00,True
CAM-TEN-000021,PROD-TEN-000010,TENTACIONES,,TENTACION_TODDY,PACK_UNIDADES,1.0,,,6.0,,,6,2026-08-18T18:14:38.605422-03:00,2026-08-18T18:14:38.605422-03:00,True
CAM-TEN-000022,PROD-TEN-000010,TENTACIONES,,TENTACION_TODDY,PACK_UNIDADES,1.0,,,6.0,,,6,2026-08-18T18:14:38.605422-03:00,2026-08-18T18:14:38.605422-03:00,True
CAM-TEN-000023,PROD-TEN-000010,TENTACIONES,,TENTACION_TODDY,PACK_UNIDADES,1.0,,,6.0,,,6,2026-08-18T18:14:38.605422-03:00,2026-08-18T18:14:38.605422-03:00,True
CAM-TEN-000024,PROD-TEN-000010,TENTACIONES,,TENTACION_TODDY,PACK_UNIDADES,1.0,,,6.0,,,6,2026-08-18T18:14:38.605422-03:00,2026-08-18T18:14:38.605422-03:00,True
CAM-TOR-000001,PROD-TOR-000001,TORTAS,,TORTA_GRIDO,PACK_UNIDADES,1.0,,,6.0,,,6,2026-08-18T18:17:29.162221-03:00,2026-08-18T18:17:29.162221-03:00,True
CAM-TOR-000002,PROD-TOR-000001,TORTAS,,TORTA_GRIDO,PACK_UNIDADES,1.0,,,6.0,,,6,2026-08-18T18:17:29.162221-03:00,2026-08-18T18:17:29.162221-03:00,True
CAM-TOR-000003,PROD-TOR-000001,TORTAS,,TORTA_GRIDO,PACK_UNIDADES,1.0,,,6.0,,,6,2026-08-18T18:17:29.162221-03:00,2026-08-18T18:17:29.162221-03:00,True
CAM-TOR-000004,PROD-TOR-000001,TORTAS,,TORTA_GRIDO,PACK_UNIDADES,1.0,,,6.0,,,6,2026-08-18T18:17:29.162221-03:00,2026-08-18T18:17:29.162221-03:00,True
CAM-TOR-000005,PROD-TOR-000001,TORTAS,,TORTA_GRIDO,PACK_UNIDADES,1.0,,,6.0,,,6,2026-08-18T18:17:29.162221-03:00,2026-08-18T18:17:29.162221-03:00,True
CAM-TOR-000006,PROD-TOR-000001,TORTAS,,TORTA_GRIDO,PACK_UNIDADES,1.0,,,6.0,,,6,2026-08-18T18:17:29.162221-03:00,2026-08-18T18:17:29.162221-03:00,True
CAM-TOR-000007,PROD-TOR-000001,TORTAS,,TORTA_GRIDO,PACK_UNIDADES,1.0,,,6.0,,,6,2026-08-18T18:17:29.162221-03:00,2026-08-18T18:17:29.162221-03:00,True
CAM-TOR-000008,PROD-TOR-000001,TORTAS,,TORTA_GRIDO,PACK_UNIDADES,1.0,,,6.0,,,6,2026-08-18T18:17:29.162221-03:00,2026-08-18T18:17:29.162221-03:00,True
CAM-TOR-000009,PROD-TOR-000003,TORTAS,,TORTA_COOKIES_AND_CREAM,PACK_UNIDADES,1.0,,,6.0,,,6,2026-08-18T18:17:43.362346-03:00,2026-08-18T18:17:43.362346-03:00,True
CAM-TOR-000010,PROD-TOR-000003,TORTAS,,TORTA_COOKIES_AND_CREAM,PACK_UNIDADES,1.0,,,6.0,,,6,2026-08-18T18:17:43.362346-03:00,2026-08-18T18:17:43.362346-03:00,True
CAM-TOR-000011,PROD-TOR-000003,TORTAS,,TORTA_COOKIES_AND_CREAM,PACK_UNIDADES,1.0,,,6.0,,,6,2026-08-18T18:17:43.362346-03:00,2026-08-18T18:17:43.362346-03:00,True
CAM-TOR-000012,PROD-TOR-000003,TORTAS,,TORTA_COOKIES_AND_CREAM,PACK_UNIDADES,1.0,,,6.0,,,6,2026-08-18T18:17:43.362346-03:00,2026-08-18T18:17:43.362346-03:00,True
CAM-TOR-000013,PROD-TOR-000003,TORTAS,,TORTA_COOKIES_AND_CREAM,PACK_UNIDADES,1.0,,,6.0,,,6,2026-08-18T18:17:43.362346-03:00,2026-08-18T18:17:43.362346-03:00,True
CAM-TOR-000014,PROD-TOR-000003,TORTAS,,TORTA_COOKIES_AND_CREAM,PACK_UNIDADES,1.0,,,6.0,,,6,2026-08-18T18:17:43.362346-03:00,2026-08-18T18:17:43.362346-03:00,True
CAM-TOR-000015,PROD-TOR-000003,TORTAS,,TORTA_COOKIES_AND_CREAM,PACK_UNIDADES,1.0,,,6.0,,,6,2026-08-18T18:17:43.362346-03:00,2026-08-18T18:17:43.362346-03:00,True
CAM-TOR-000016,PROD-TOR-000003,TORTAS,,TORTA_COOKIES_AND_CREAM,PACK_UNIDADES,1.0,,,6.0,,,6,2026-08-18T18:17:43.362346-03:00,2026-08-18T18:17:43.362346-03:00,True
CAM-TOR-000017,PROD-TOR-000003,TORTAS,,TORTA_COOKIES_AND_CREAM,PACK_UNIDADES,1.0,,,6.0,,,6,2026-08-18T18:17:43.362346-03:00,2026-08-18T18:17:43.362346-03:00,True
CAM-TOR-000018,PROD-TOR-000003,TORTAS,,TORTA_COOKIES_AND_CREAM,PACK_UNIDADES,1.0,,,6.0,,,6,2026-08-18T18:17:43.362346-03:00,2026-08-18T18:17:43.362346-03:00,True
CAM-TOR-000019,PROD-TOR-000002,TORTAS,,TORTA_FRUTILLA,PACK_UNIDADES,1.0,,,6.0,,,6,2026-08-18T18:17:57.579577-03:00,2026-08-18T18:17:57.579577-03:00,True
CAM-TOR-000020,PROD-TOR-000002,TORTAS,,TORTA_FRUTILLA,PACK_UNIDADES,1.0,,,6.0,,,6,2026-08-18T18:17:57.579577-03:00,2026-08-18T18:17:57.579577-03:00,True
CAM-TOR-000021,PROD-TOR-000002,TORTAS,,TORTA_FRUTILLA,PACK_UNIDADES,1.0,,,6.0,,,6,2026-08-18T18:17:57.579577-03:00,2026-08-18T18:17:57.579577-03:00,True
CAM-TOR-000022,PROD-TOR-000002,TORTAS,,TORTA_FRUTILLA,PACK_UNIDADES,1.0,,,6.0,,,6,2026-08-18T18:17:57.579577-03:00,2026-08-18T18:17:57.579577-03:00,True
CAM-TOR-000023,PROD-TOR-000002,TORTAS,,TORTA_FRUTILLA,PACK_UNIDADES,1.0,,,6.0,,,6,2026-08-18T18:17:57.579577-03:00,2026-08-18T18:17:57.579577-03:00,True
CAM-TOR-000024,PROD-TOR-000002,TORTAS,,TORTA_FRUTILLA,PACK_UNIDADES,1.0,,,6.0,,,6,2026-08-18T18:17:57.579577-03:00,2026-08-18T18:17:57.579577-03:00,True
CAM-TOR-000025,PROD-TOR-000002,TORTAS,,TORTA_FRUTILLA,PACK_UNIDADES,1.0,,,6.0,,,6,2026-08-18T18:17:57.579577-03:00,2026-08-18T18:17:57.579577-03:00,True
CAM-BOM-000001,PROD-BOM-000003,BOMBONES,,BOMBON_CROCANTE,PACK_CAJAS_UNIDADES,1.0,,6.0,,8.0,6.0,48,2026-08-18T18:20:56.043788-03:00,2026-08-18T18:20:56.043788-03:00,True
CAM-BOM-000002,PROD-BOM-000003,BOMBONES,,BOMBON_CROCANTE,PACK_CAJAS_UNIDADES,1.0,,6.0,,8.0,6.0,48,2026-08-18T18:20:56.043788-03:00,2026-08-18T18:20:56.043788-03:00,True
CAM-BOM-000003,PROD-BOM-000003,BOMBONES,,BOMBON_CROCANTE,PACK_CAJAS_UNIDADES,1.0,,6.0,,8.0,6.0,48,2026-08-18T18:20:56.043788-03:00,2026-08-18T18:20:56.043788-03:00,True
CAM-BOM-000004,PROD-BOM-000003,BOMBONES,,BOMBON_CROCANTE,PACK_CAJAS_UNIDADES,1.0,,6.0,,8.0,6.0,48,2026-08-18T18:20:56.043788-03:00,2026-08-18T18:20:56.043788-03:00,True
CAM-BOM-000005,PROD-BOM-000003,BOMBONES,,BOMBON_CROCANTE,PACK_CAJAS_UNIDADES,1.0,,6.0,,8.0,6.0,48,2026-08-18T18:20:56.043788-03:00,2026-08-18T18:20:56.043788-03:00,True
CAM-BOM-000006,PROD-BOM-000002,BOMBONES,,BOMBON_SUIZO,PACK_CAJAS_UNIDADES,1.0,,6.0,,8.0,6.0,48,2026-08-18T18:21:12.969890-03:00,2026-08-18T18:21:12.969890-03:00,True
CAM-BOM-000007,PROD-BOM-000002,BOMBONES,,BOMBON_SUIZO,PACK_CAJAS_UNIDADES,1.0,,6.0,,8.0,6.0,48,2026-08-18T18:21:12.969890-03:00,2026-08-18T18:21:12.969890-03:00,True
CAM-BOM-000008,PROD-BOM-000002,BOMBONES,,BOMBON_SUIZO,PACK_CAJAS_UNIDADES,1.0,,6.0,,8.0,6.0,48,2026-08-18T18:21:12.969890-03:00,2026-08-18T18:21:12.969890-03:00,True
CAM-BOM-000009,PROD-BOM-000001,BOMBONES,,BOMBON_ESCOCES,PACK_CAJAS_UNIDADES,1.0,,6.0,,8.0,6.0,48,2026-08-18T18:24:04.582410-03:00,2026-08-18T18:24:04.582410-03:00,True
CAM-BOM-000010,PROD-BOM-000001,BOMBONES,,BOMBON_ESCOCES,PACK_CAJAS_UNIDADES,1.0,,6.0,,8.0,6.0,48,2026-08-18T18:24:04.582410-03:00,2026-08-18T18:24:04.582410-03:00,True
CAM-BOM-000011,PROD-BOM-000001,BOMBONES,,BOMBON_ESCOCES,PACK_CAJAS_UNIDADES,1.0,,6.0,,8.0,6.0,48,2026-08-18T18:24:04.582410-03:00,2026-08-18T18:24:04.582410-03:00,True
CAM-BOM-000012,PROD-BOM-000001,BOMBONES,,BOMBON_ESCOCES,PACK_CAJAS_UNIDADES,1.0,,6.0,,8.0,6.0,48,2026-08-18T18:24:04.582410-03:00,2026-08-18T18:24:04.582410-03:00,True
CAM-BOM-000013,PROD-BOM-000001,BOMBONES,,BOMBON_ESCOCES,PACK_CAJAS_UNIDADES,1.0,,6.0,,8.0,6.0,48,2026-08-18T18:24:04.582410-03:00,2026-08-18T18:24:04.582410-03:00,True
CAM-BOM-000014,PROD-BOM-000001,BOMBONES,,BOMBON_ESCOCES,PACK_CAJAS_UNIDADES,1.0,,6.0,,8.0,6.0,48,2026-08-18T18:24:04.582410-03:00,2026-08-18T18:24:04.582410-03:00,True
CAM-BOM-000015,PROD-BOM-000001,BOMBONES,,BOMBON_ESCOCES,PACK_CAJAS_UNIDADES,1.0,,6.0,,8.0,6.0,48,2026-08-18T18:24:04.582410-03:00,2026-08-18T18:24:04.582410-03:00,True
CAM-BOM-000016,PROD-BOM-000001,BOMBONES,,BOMBON_ESCOCES,PACK_CAJAS_UNIDADES,1.0,,6.0,,8.0,6.0,48,2026-08-18T18:24:04.582410-03:00,2026-08-18T18:24:04.582410-03:00,True
CAM-BOM-000017,PROD-BOM-000001,BOMBONES,,BOMBON_ESCOCES,PACK_CAJAS_UNIDADES,1.0,,6.0,,8.0,6.0,48,2026-08-18T18:24:04.582410-03:00,2026-08-18T18:24:04.582410-03:00,True
CAM-BOM-000018,PROD-BOM-000001,BOMBONES,,BOMBON_ESCOCES,PACK_CAJAS_UNIDADES,1.0,,6.0,,8.0,6.0,48,2026-08-18T18:24:04.582410-03:00,2026-08-18T18:24:04.582410-03:00,True
CAM-BOM-000019,PROD-BOM-000005,BOMBONES,,ALFAJOR_SECRETO,PACK_CAJAS_UNIDADES,1.0,,6.0,,6.0,6.0,36,2026-08-18T18:24:24.769496-03:00,2026-08-18T18:24:24.769496-03:00,True
CAM-BOM-000020,PROD-BOM-000005,BOMBONES,,ALFAJOR_SECRETO,PACK_CAJAS_UNIDADES,1.0,,6.0,,6.0,6.0,36,2026-08-18T18:24:24.769496-03:00,2026-08-18T18:24:24.769496-03:00,True
CAM-BOM-000021,PROD-BOM-000005,BOMBONES,,ALFAJOR_SECRETO,PACK_CAJAS_UNIDADES,1.0,,6.0,,6.0,6.0,36,2026-08-18T18:24:24.769496-03:00,2026-08-18T18:24:24.769496-03:00,True
CAM-BOM-000022,PROD-BOM-000004,BOMBONES,,BOMBON_FRUTEZZA,PACK_CAJAS_UNIDADES,1.0,,6.0,,8.0,6.0,48,2026-08-18T18:24:39.040043-03:00,2026-08-18T18:24:39.040043-03:00,True
CAM-BOM-000023,PROD-BOM-000004,BOMBONES,,BOMBON_FRUTEZZA,PACK_CAJAS_UNIDADES,1.0,,6.0,,8.0,6.0,48,2026-08-18T18:24:39.040043-03:00,2026-08-18T18:24:39.040043-03:00,True
CAM-BOM-000024,PROD-BOM-000004,BOMBONES,,BOMBON_FRUTEZZA,PACK_CAJAS_UNIDADES,1.0,,6.0,,8.0,6.0,48,2026-08-18T18:24:39.040043-03:00,2026-08-18T18:24:39.040043-03:00,True
CAM-POS-000001,PROD-POS-000004,POSTRES,,DELICIA,PACK_CAJAS_UNIDADES,1.0,,4.0,,1.0,4.0,4,2026-08-18T18:28:38.614892-03:00,2026-08-18T18:28:38.614892-03:00,True
CAM-POS-000002,PROD-POS-000002,POSTRES,,ALMENDRADO,PACK_CAJAS_UNIDADES,1.0,,6.0,,8.0,6.0,48,2026-08-18T18:28:52.898578-03:00,2026-08-18T18:28:52.898578-03:00,True
CAM-POS-000003,PROD-POS-000001,POSTRES,,CASATTA,PACK_CAJAS_UNIDADES,1.0,,6.0,,8.0,6.0,48,2026-08-18T18:29:06.455810-03:00,2026-08-18T18:29:06.455810-03:00,True
CAM-POS-000004,PROD-POS-000001,POSTRES,,CASATTA,PACK_CAJAS_UNIDADES,1.0,,6.0,,8.0,6.0,48,2026-08-18T18:29:06.455810-03:00,2026-08-18T18:29:06.455810-03:00,True
CAM-PAL-000001,PROD-PAL-000008,PALITOS,,PALITO_FRUTILLA_CREMA_X_20,PACK_CAJAS_UNIDADES,1.0,,4.0,,20.0,4.0,80,2026-08-18T18:33:33.722841-03:00,2026-08-18T18:33:33.722841-03:00,True
CAM-PAL-000002,PROD-PAL-000008,PALITOS,,PALITO_FRUTILLA_CREMA_X_20,PACK_CAJAS_UNIDADES,1.0,,4.0,,20.0,4.0,80,2026-08-18T18:33:33.722841-03:00,2026-08-18T18:33:33.722841-03:00,True
CAM-PAL-000003,PROD-PAL-000001,PALITOS,,PALITO_FRUTILLA_AGUA_X_20,PACK_CAJAS_UNIDADES,1.0,,4.0,,20.0,4.0,80,2026-08-18T18:33:49.487600-03:00,2026-08-18T18:33:49.487600-03:00,True
CAM-PAL-000004,PROD-PAL-000001,PALITOS,,PALITO_FRUTILLA_AGUA_X_20,PACK_CAJAS_UNIDADES,1.0,,4.0,,20.0,4.0,80,2026-08-18T18:33:49.487600-03:00,2026-08-18T18:33:49.487600-03:00,True
CAM-PAL-000005,PROD-PAL-000002,PALITOS,,PALITO_LIMON_AGUA_X_20,PACK_CAJAS_UNIDADES,1.0,,4.0,,20.0,4.0,80,2026-08-18T18:34:12.239490-03:00,2026-08-18T18:34:12.239490-03:00,True
CAM-PAL-000006,PROD-PAL-000002,PALITOS,,PALITO_LIMON_AGUA_X_20,PACK_CAJAS_UNIDADES,1.0,,4.0,,20.0,4.0,80,2026-08-18T18:34:12.239490-03:00,2026-08-18T18:34:12.239490-03:00,True
CAM-PAL-000007,PROD-PAL-000002,PALITOS,,PALITO_LIMON_AGUA_X_20,PACK_CAJAS_UNIDADES,1.0,,4.0,,20.0,4.0,80,2026-08-18T18:34:12.239490-03:00,2026-08-18T18:34:12.239490-03:00,True
CAM-PAL-000008,PROD-PAL-000002,PALITOS,,PALITO_LIMON_AGUA_X_20,PACK_CAJAS_UNIDADES,1.0,,4.0,,20.0,4.0,80,2026-08-18T18:34:12.239490-03:00,2026-08-18T18:34:12.239490-03:00,True
CAM-PAL-000009,PROD-PAL-000003,PALITOS,,PALITO_NARANJA_AGUA_X_20,PACK_CAJAS_UNIDADES,1.0,,4.0,,20.0,4.0,80,2026-08-18T18:34:35.258313-03:00,2026-08-18T18:34:35.258313-03:00,True
CAM-PAL-000010,PROD-PAL-000003,PALITOS,,PALITO_NARANJA_AGUA_X_20,PACK_CAJAS_UNIDADES,1.0,,4.0,,20.0,4.0,80,2026-08-18T18:34:35.258313-03:00,2026-08-18T18:34:35.258313-03:00,True
CAM-PAL-000011,PROD-PAL-000003,PALITOS,,PALITO_NARANJA_AGUA_X_20,PACK_CAJAS_UNIDADES,1.0,,4.0,,20.0,4.0,80,2026-08-18T18:34:35.258313-03:00,2026-08-18T18:34:35.258313-03:00,True
CAM-PAL-000012,PROD-PAL-000007,PALITOS,,PALITO_BOMBON_X_10,PACK_CAJAS_UNIDADES,1.0,,10.0,,10.0,10.0,100,2026-08-18T18:36:25.821157-03:00,2026-08-18T18:36:25.821157-03:00,True
CAM-PAL-000013,PROD-PAL-000007,PALITOS,,PALITO_BOMBON_X_10,PACK_CAJAS_UNIDADES,1.0,,10.0,,10.0,10.0,100,2026-08-18T18:36:25.821157-03:00,2026-08-18T18:36:25.821157-03:00,True
CAM-PAL-000014,PROD-PAL-000007,PALITOS,,PALITO_BOMBON_X_10,PACK_CAJAS_UNIDADES,1.0,,10.0,,10.0,10.0,100,2026-08-18T18:36:25.821157-03:00,2026-08-18T18:36:25.821157-03:00,True
CAM-PAL-000015,PROD-PAL-000007,PALITOS,,PALITO_BOMBON_X_10,PACK_CAJAS_UNIDADES,1.0,,10.0,,10.0,10.0,100,2026-08-18T18:36:25.821157-03:00,2026-08-18T18:36:25.821157-03:00,True
CAM-PAL-000016,PROD-PAL-000007,PALITOS,,PALITO_BOMBON_X_10,PACK_CAJAS_UNIDADES,1.0,,10.0,,10.0,10.0,100,2026-08-18T18:36:25.821157-03:00,2026-08-18T18:36:25.821157-03:00,True
CAM-PAL-000017,PROD-PAL-000007,PALITOS,,PALITO_BOMBON_X_10,PACK_CAJAS_UNIDADES,1.0,,10.0,,10.0,10.0,100,2026-08-18T18:36:25.821157-03:00,2026-08-18T18:36:25.821157-03:00,True
CAM-PAL-000018,PROD-PAL-000007,PALITOS,,PALITO_BOMBON_X_10,PACK_CAJAS_UNIDADES,1.0,,10.0,,10.0,10.0,100,2026-08-18T18:36:25.821157-03:00,2026-08-18T18:36:25.821157-03:00,True
CAM-PAL-000019,PROD-PAL-000007,PALITOS,,PALITO_BOMBON_X_10,PACK_CAJAS_UNIDADES,1.0,,10.0,,10.0,10.0,100,2026-08-18T18:36:25.821157-03:00,2026-08-18T18:36:25.821157-03:00,True
CAM-PAL-000020,PROD-PAL-000007,PALITOS,,PALITO_BOMBON_X_10,PACK_CAJAS_UNIDADES,1.0,,10.0,,10.0,10.0,100,2026-08-18T18:36:25.821157-03:00,2026-08-18T18:36:25.821157-03:00,True
CAM-PAL-000021,PROD-PAL-000007,PALITOS,,PALITO_BOMBON_X_10,PACK_CAJAS_UNIDADES,1.0,,10.0,,10.0,10.0,100,2026-08-18T18:36:25.821157-03:00,2026-08-18T18:36:25.821157-03:00,True
CAM-PAL-000022,PROD-PAL-000007,PALITOS,,PALITO_BOMBON_X_10,PACK_CAJAS_UNIDADES,1.0,,10.0,,10.0,10.0,100,2026-08-18T18:36:25.821157-03:00,2026-08-18T18:36:25.821157-03:00,True
CAM-PAL-000023,PROD-PAL-000007,PALITOS,,PALITO_BOMBON_X_10,PACK_CAJAS_UNIDADES,1.0,,10.0,,10.0,10.0,100,2026-08-18T18:36:25.821157-03:00,2026-08-18T18:36:25.821157-03:00,True
CAM-PAL-000024,PROD-PAL-000007,PALITOS,,PALITO_BOMBON_X_10,PACK_CAJAS_UNIDADES,1.0,,10.0,,10.0,10.0,100,2026-08-18T18:36:25.821157-03:00,2026-08-18T18:36:25.821157-03:00,True
CAM-PAL-000025,PROD-PAL-000007,PALITOS,,PALITO_BOMBON_X_10,PACK_CAJAS_UNIDADES,1.0,,10.0,,10.0,10.0,100,2026-08-18T18:36:25.821157-03:00,2026-08-18T18:36:25.821157-03:00,True
CAM-PAL-000026,PROD-PAL-000007,PALITOS,,PALITO_BOMBON_X_10,PACK_CAJAS_UNIDADES,1.0,,10.0,,10.0,10.0,100,2026-08-18T18:36:25.821157-03:00,2026-08-18T18:36:25.821157-03:00,True
CAM-PAL-000027,PROD-PAL-000007,PALITOS,,PALITO_BOMBON_X_10,PACK_CAJAS_UNIDADES,1.0,,10.0,,10.0,10.0,100,2026-08-18T18:36:25.821157-03:00,2026-08-18T18:36:25.821157-03:00,True
CAM-PAL-000028,PROD-PAL-000007,PALITOS,,PALITO_BOMBON_X_10,PACK_CAJAS_UNIDADES,1.0,,10.0,,10.0,10.0,100,2026-08-18T18:36:25.821157-03:00,2026-08-18T18:36:25.821157-03:00,True
CAM-PAL-000029,PROD-PAL-000006,PALITOS,,PALITO_AMERICANA_CREMA_X_10,PACK_CAJAS_UNIDADES,1.0,,10.0,,10.0,10.0,100,2026-08-18T18:36:47.190918-03:00,2026-08-18T18:36:47.190918-03:00,True
CAM-PAL-000030,PROD-PAL-000004,PALITOS,,PALITO_NARANJA_AGUA_X_10,PACK_CAJAS_UNIDADES,1.0,,10.0,,10.0,10.0,100,2026-08-18T18:37:03.028776-03:00,2026-08-18T18:37:03.028776-03:00,True
CAM-PAL-000031,PROD-PAL-000004,PALITOS,,PALITO_NARANJA_AGUA_X_10,PACK_CAJAS_UNIDADES,1.0,,10.0,,10.0,10.0,100,2026-08-18T18:37:03.028776-03:00,2026-08-18T18:37:03.028776-03:00,True
CAM-ESP-000001,PROD-ESP-000003,LINEAS_ESPECIALES,YOGURES_HELADOS,YOG_MANGO_MARACUYA,CAJA_UNIDADES,,1.0,,,12.0,1.0,12,2026-08-18T18:39:32.258409-03:00,2026-08-18T18:39:32.258409-03:00,True
CAM-FRZ-000001,PROD-FRZ-000006,FRIZZIO,PIZZAS,MINI_FRIZZIO,CAJA_UNIDADES,,1.0,,,20.0,1.0,20,2026-08-18T18:53:21.177197-03:00,2026-08-18T18:53:21.177197-03:00,True
CAM-FRZ-000002,PROD-FRZ-000005,FRIZZIO,BASTONCITOS_MOZZARELLA,BASTONCITOS_MOZZARELLA,CAJA_UNIDADES,,1.0,,,16.0,1.0,16,2026-08-18T18:53:44.729690-03:00,2026-08-18T18:53:44.729690-03:00,True
CAM-FRZ-000003,PROD-FRZ-000001,FRIZZIO,PIZZAS,PIZZA_MOZZARELLA,CAJA_UNIDADES,,1.0,,,12.0,1.0,12,2026-08-18T18:54:38.763901-03:00,2026-08-18T18:54:38.763901-03:00,True
CAM-FRZ-000004,PROD-FRZ-000003,FRIZZIO,PIZZAS,PIZZA_JAMON,CAJA_UNIDADES,,1.0,,,11.0,1.0,11,2026-08-18T18:54:54.228469-03:00,2026-08-18T18:54:54.228469-03:00,True
CAM-FRZ-000005,PROD-FRZ-000003,FRIZZIO,PIZZAS,PIZZA_JAMON,CAJA_UNIDADES,,1.0,,,11.0,1.0,11,2026-08-18T18:54:54.228469-03:00,2026-08-18T18:54:54.228469-03:00,True
CAM-FRZ-000006,PROD-FRZ-000002,FRIZZIO,PIZZAS,PIZZA_INTEGRAL,CAJA_UNIDADES,,1.0,,,12.0,1.0,12,2026-08-18T18:55:08.087212-03:00,2026-08-18T18:55:08.087212-03:00,True
CAM-FRZ-000007,PROD-FRZ-000007,FRIZZIO,PIZZAS,PIZZA_CASERA,CAJA_UNIDADES,,1.0,,,8.0,1.0,8,2026-08-18T19:00:13.593235-03:00,2026-08-18T19:00:13.593235-03:00,True
