movement_id,timestamp,week_id,movement_type,from_location,to_location,source_stock_id,target_stock_id,sabor,cantidad_latas,peso_bruto_kg,tara_kg,peso_neto_kg,notes
MOV_88731c7d1046,2026-08-11T22:39:19.672376-03:00,WEEK_e35ff34e86b4,CARGA_MANUAL_SALON,INICIAL,SALON,,SAL-0001,CAPUCCINO_GRANIZADO,1,7.735,0.38,7.355,
MOV_e0445f3a04b0,2026-08-11T22:39:19.672376-03:00,WEEK_e35ff34e86b4,CARGA_MANUAL_SALON,INICIAL,SALON,,SAL-0001,ANANA,1,7.82,0.38,7.44,
MOV_b94e84c82eb5,2026-08-11T22:39:19.672376-03:00,WEEK_e35ff34e86b4,CARGA_MANUAL_SALON,INICIAL,SALON,,SAL-0001,CHOCOLATE_MANI_CRUNCH,1,7.85,0.38,7.47,
MOV_23327b14cb43,2026-08-11T22:39:19.672376-03:00,WEEK_e35ff34e86b4,CARGA_MANUAL_SALON,INICIAL,SALON,,SAL-0001,QUINOTO,1,8.075,0.38,7.694999999999999,
MOV_da9f7842c317,2026-08-11T22:39:19.672376-03:00,WEEK_e35ff34e86b4,CARGA_MANUAL_SALON,INICIAL,SALON,,SAL-0001,CHOCOLATE_SUIZO,1,8.0,0.38,7.62,
MOV_c89dea779b97,2026-08-11T22:39:19.672376-03:00,WEEK_e35ff34e86b4,CARGA_MANUAL_SALON,INICIAL,SALON,,SAL-0001,CHOCOLATE,1,7.99,0.38,7.61,
MOV_e5e962b44df2,2026-08-11T22:39:19.672376-03:00,WEEK_e35ff34e86b4,CARGA_MANUAL_SALON,INICIAL,SALON,,SAL-0001,CHOCOLATE_BLANCO,1,8.005,0.38,7.625000000000001,
MOV_1a550471e993,2026-08-11T22:39:19.672376-03:00,WEEK_e35ff34e86b4,CARGA_MANUAL_SALON,INICIAL,SALON,,SAL-0001,CHOCOLATE_CON_ALMENDRAS,1,8.015,0.38,7.635000000000001,
MOV_c39acc426e72,2026-08-11T22:39:19.672376-03:00,WEEK_e35ff34e86b4,CARGA_MANUAL_SALON,INICIAL,SALON,,SAL-0001,GRIDO_MARROC,1,7.97,0.38,7.59,
MOV_2e196acfec04,2026-08-11T22:39:19.672376-03:00,WEEK_e35ff34e86b4,CARGA_MANUAL_SALON,INICIAL,SALON,,SAL-0001,CREMA_RUSA,1,7.9,0.38,7.52,
MOV_d3d9349454f8,2026-08-11T22:39:19.672376-03:00,WEEK_e35ff34e86b4,CARGA_MANUAL_SALON,INICIAL,SALON,,SAL-0001,TIRAMISU,1,7.915,0.38,7.535,
MOV_4dd09f076ec2,2026-08-11T22:39:19.672376-03:00,WEEK_e35ff34e86b4,CARGA_MANUAL_SALON,INICIAL,SALON,,SAL-0001,SUPER_GRIDITO,1,8.215,0.38,7.835,
MOV_dd9aec653a3d,2026-08-11T22:39:19.672376-03:00,WEEK_e35ff34e86b4,CARGA_MANUAL_SALON,INICIAL,SALON,,SAL-0001,MENTA_GRANIZADO,1,8.06,0.38,7.680000000000001,
MOV_4c87d4d81352,2026-08-11T22:39:19.672376-03:00,WEEK_e35ff34e86b4,CARGA_MANUAL_SALON,INICIAL,SALON,,SAL-0001,CEREZA,1,7.775,0.38,7.395,
MOV_711bac199b0e,2026-08-11T22:39:19.672376-03:00,WEEK_e35ff34e86b4,CARGA_MANUAL_SALON,INICIAL,SALON,,SAL-0001,CHOCOLATE_BLANCO_OREO,1,7.965,0.38,7.585,
MOV_6606e2ac8c37,2026-08-11T22:39:19.672376-03:00,WEEK_e35ff34e86b4,CARGA_MANUAL_SALON,INICIAL,SALON,,SAL-0001,DULCE_DE_LECHE,1,7.885,0.38,7.505,
MOV_49f841aa079b,2026-08-11T22:39:19.672376-03:00,WEEK_e35ff34e86b4,CARGA_MANUAL_SALON,INICIAL,SALON,,SAL-0001,DULCE_DE_LECHE_GRANIZADO,1,7.715,0.38,7.335,
MOV_235afa751189,2026-08-11T22:39:19.672376-03:00,WEEK_e35ff34e86b4,CARGA_MANUAL_SALON,INICIAL,SALON,,SAL-0001,DULCE_DE_LECHE_CON_NUEZ,1,7.885,0.38,7.505,
MOV_6b87edf117be,2026-08-11T22:39:19.672376-03:00,WEEK_e35ff34e86b4,CARGA_MANUAL_SALON,INICIAL,SALON,,SAL-0001,SUPER_DULCE_DE_LECHE,1,8.02,0.38,7.64,
MOV_b17d6a0d0559,2026-08-11T22:39:19.672376-03:00,WEEK_e35ff34e86b4,CARGA_MANUAL_SALON,INICIAL,SALON,,SAL-0001,MASCARPONE,1,7.8,0.38,7.42,
MOV_eb0939757b0f,2026-08-11T22:39:19.672376-03:00,WEEK_e35ff34e86b4,CARGA_MANUAL_SALON,INICIAL,SALON,,SAL-0001,DULCE_DE_LECHE_BROWNIE,1,8.085,0.38,7.705000000000001,
MOV_c56c28714136,2026-08-11T22:39:19.672376-03:00,WEEK_e35ff34e86b4,CARGA_MANUAL_SALON,INICIAL,SALON,,SAL-0001,CREMA_COOKIE,1,7.915,0.38,7.535,
MOV_e869e7ef0eec,2026-08-11T22:39:19.672376-03:00,WEEK_e35ff34e86b4,CARGA_MANUAL_SALON,INICIAL,SALON,,SAL-0001,AMERICANA,1,8.065,0.38,7.685,
MOV_6f4d319b402d,2026-08-11T22:39:19.672376-03:00,WEEK_e35ff34e86b4,CARGA_MANUAL_SALON,INICIAL,SALON,,SAL-0001,TRAMONTANA,1,8.105,0.38,7.725,
MOV_a6e3705b0819,2026-08-11T22:39:19.672376-03:00,WEEK_e35ff34e86b4,CARGA_MANUAL_SALON,INICIAL,SALON,,SAL-0001,GRANIZADO,1,8.175,0.38,7.795000000000001,
MOV_8d979f9f5cc4,2026-08-11T22:39:19.672376-03:00,WEEK_e35ff34e86b4,CARGA_MANUAL_SALON,INICIAL,SALON,,SAL-0001,BANANA,1,8.095,0.38,7.715000000000001,
MOV_f4a4e0426399,2026-08-11T22:39:19.672376-03:00,WEEK_e35ff34e86b4,CARGA_MANUAL_SALON,INICIAL,SALON,,SAL-0001,FRUTILLA_A_LA_CREMA,1,8.095,0.38,7.715000000000001,
MOV_b12662bbd6a1,2026-08-11T22:39:19.672376-03:00,WEEK_e35ff34e86b4,CARGA_MANUAL_SALON,INICIAL,SALON,,SAL-0001,DURAZNO_A_LA_CREMA,1,7.65,0.38,7.27,
MOV_4d8ac9dd1220,2026-08-11T22:39:19.672376-03:00,WEEK_e35ff34e86b4,CARGA_MANUAL_SALON,INICIAL,SALON,,SAL-0001,a,1,6.47,0.38,6.09,
MOV_6bdc968f4b91,2026-08-11T22:39:19.672376-03:00,WEEK_e35ff34e86b4,CARGA_MANUAL_SALON,INICIAL,SALON,,SAL-0001,b,1,7.96,0.38,7.58,
MOV_27f139a06241,2026-08-11T22:39:19.672376-03:00,WEEK_e35ff34e86b4,CARGA_MANUAL_SALON,INICIAL,SALON,,SAL-0001,c,1,6.495,0.38,6.115,
MOV_45d25d09efed,2026-08-11T22:39:19.672376-03:00,WEEK_e35ff34e86b4,CARGA_MANUAL_SALON,INICIAL,SALON,,SAL-0001,d,1,1.695,0.38,1.315,
MOV_49b6e48932d5,2026-08-11T22:39:19.672376-03:00,WEEK_e35ff34e86b4,CARGA_MANUAL_SALON,INICIAL,SALON,,SAL-0001,e,1,8.58,0.38,8.2,
MOV_4e164e76bda8,2026-08-11T22:39:19.672376-03:00,WEEK_e35ff34e86b4,CARGA_MANUAL_SALON,INICIAL,SALON,,SAL-0001,f,1,4.71,0.38,4.33,
MOV_3bde30a4b568,2026-08-11T22:39:19.672376-03:00,WEEK_e35ff34e86b4,CARGA_MANUAL_SALON,INICIAL,SALON,,SAL-0001,g,1,2.67,0.38,2.29,
MOV_2df8a314cc63,2026-08-11T22:39:19.672376-03:00,WEEK_e35ff34e86b4,CARGA_MANUAL_SALON,INICIAL,SALON,,SAL-0001,h,1,6.65,0.38,6.2700000000000005,
MOV_0ff6c27e9013,2026-08-11T22:39:19.672376-03:00,WEEK_e35ff34e86b4,CARGA_MANUAL_SALON,INICIAL,SALON,,SAL-0001,i,1,6.07,0.38,5.69,
MOV_376a858c0fd9,2026-08-11T22:39:19.672376-03:00,WEEK_e35ff34e86b4,CARGA_MANUAL_SALON,INICIAL,SALON,,SAL-0001,j,1,7.01,0.38,6.63,
MOV_a823f1a2c284,2026-08-11T22:39:19.672376-03:00,WEEK_e35ff34e86b4,CARGA_MANUAL_SALON,INICIAL,SALON,,SAL-0001,k,1,2.775,0.38,2.395,
MOV_118e60a302d7,2026-08-11T22:39:19.672376-03:00,WEEK_e35ff34e86b4,CARGA_MANUAL_SALON,INICIAL,SALON,,SAL-0001,l,1,8.595,0.38,8.215,
MOV_ce26c968b954,2026-08-11T22:39:19.672376-03:00,WEEK_e35ff34e86b4,CARGA_MANUAL_SALON,INICIAL,SALON,,SAL-0001,m,1,7.03,0.38,6.65,
MOV_02c8b33fba72,2026-08-11T22:39:19.672376-03:00,WEEK_e35ff34e86b4,CARGA_MANUAL_SALON,INICIAL,SALON,,SAL-0001,n,1,4.81,0.38,4.43,
MOV_e36119b3c333,2026-08-11T22:39:19.672376-03:00,WEEK_e35ff34e86b4,CARGA_MANUAL_SALON,INICIAL,SALON,,SAL-0001,o,1,8.16,0.38,7.78,
MOV_62682b452886,2026-08-11T22:39:19.672376-03:00,WEEK_e35ff34e86b4,CARGA_MANUAL_SALON,INICIAL,SALON,,SAL-0001,p,1,8.605,0.38,8.225,
MOV_5f61cf4a6639,2026-08-11T22:39:19.672376-03:00,WEEK_e35ff34e86b4,CARGA_MANUAL_SALON,INICIAL,SALON,,SAL-0001,q,1,8.3,0.38,7.920000000000001,
MOV_8c54555c28b2,2026-08-11T22:39:19.672376-03:00,WEEK_e35ff34e86b4,CARGA_MANUAL_SALON,INICIAL,SALON,,SAL-0001,r,1,5.93,0.38,5.55,
MOV_f8e56ceb0407,2026-08-11T22:39:19.672376-03:00,WEEK_e35ff34e86b4,CARGA_MANUAL_SALON,INICIAL,SALON,,SAL-0001,s,1,2.98,0.38,2.6,
MOV_6d90b62802b5,2026-08-11T22:39:19.672376-03:00,WEEK_e35ff34e86b4,CARGA_MANUAL_SALON,INICIAL,SALON,,SAL-0001,t,1,5.585,0.38,5.205,
MOV_6e83f3e8f612,2026-08-11T22:39:19.672376-03:00,WEEK_e35ff34e86b4,CARGA_MANUAL_SALON,INICIAL,SALON,,SAL-0001,u,1,6.36,0.38,5.98,
MOV_d82edb32796d,2026-08-11T22:39:19.672376-03:00,WEEK_e35ff34e86b4,CARGA_MANUAL_SALON,INICIAL,SALON,,SAL-0001,v,1,7.325,0.38,6.945,
MOV_7aa854ca4974,2026-08-11T22:39:19.672376-03:00,WEEK_e35ff34e86b4,CARGA_MANUAL_SALON,INICIAL,SALON,,SAL-0001,w,1,1.56,0.38,1.1800000000000002,
MOV_4cedd151ad0d,2026-08-11T22:39:19.672376-03:00,WEEK_e35ff34e86b4,CARGA_MANUAL_SALON,INICIAL,SALON,,SAL-0001,y,1,2.155,0.38,1.775,
MOV_3f7a5e37bddc,2026-08-11T22:39:19.672376-03:00,WEEK_e35ff34e86b4,CARGA_MANUAL_SALON,INICIAL,SALON,,SAL-0001,z,1,2.52,0.38,2.14,
MOV_2b438b2a69cd,2026-08-11T22:39:19.672376-03:00,WEEK_e35ff34e86b4,CARGA_MANUAL_SALON,INICIAL,SALON,,SAL-0001,aa,1,3.44,0.38,3.06,
MOV_e335e17372bf,2026-08-11T22:39:19.672376-03:00,WEEK_e35ff34e86b4,CARGA_MANUAL_SALON,INICIAL,SALON,,SAL-0001,bb,1,1.93,0.38,1.5499999999999998,
MOV_5935821fbfe4,2026-08-11T22:39:19.672376-03:00,WEEK_e35ff34e86b4,CARGA_MANUAL_SALON,INICIAL,SALON,,SAL-0001,cc,1,5.32,0.38,4.94,
MOV_09f3fe46fa4b,2026-08-11T22:39:19.672376-03:00,WEEK_e35ff34e86b4,CARGA_MANUAL_SALON,INICIAL,SALON,,SAL-0001,dd,1,6.875,0.38,6.495,
MOV_288544843b0b,2026-08-11T22:39:19.672376-03:00,WEEK_e35ff34e86b4,CARGA_MANUAL_SALON,INICIAL,SALON,,SAL-0001,ee,1,2.99,0.38,2.6100000000000003,
MOV_db1c35c5a9d2,2026-08-11T22:39:19.672376-03:00,WEEK_e35ff34e86b4,CARGA_MANUAL_SALON,INICIAL,SALON,,SAL-0001,hh,1,7.095,0.38,6.715,
MOV_c402f9f0f592,2026-08-11T22:39:19.672376-03:00,WEEK_e35ff34e86b4,CARGA_MANUAL_SALON,INICIAL,SALON,,SAL-0001,ii,1,9.38,0.38,9.0,
MOV_be03de00a86d,2026-08-11T22:39:19.672376-03:00,WEEK_e35ff34e86b4,CARGA_MANUAL_SALON,INICIAL,SALON,,SAL-0001,jj,1,5.835,0.38,5.455,
MOV_e1783626ffa7,2026-08-11T22:39:19.672376-03:00,WEEK_e35ff34e86b4,CARGA_MANUAL_SALON,INICIAL,SALON,,SAL-0001,kk,1,2.615,0.38,2.2350000000000003,
MOV_3a80cebcd37f,2026-08-11T22:39:19.672376-03:00,WEEK_e35ff34e86b4,CARGA_MANUAL_SALON,INICIAL,SALON,,SAL-0001,ll,1,2.46,0.38,2.08,
MOV_fc0e0e1108ea,2026-08-11T22:39:19.672376-03:00,WEEK_e35ff34e86b4,CARGA_MANUAL_SALON,INICIAL,SALON,,SAL-0001,mm,1,12.99,0.38,12.61,
